reference,baseline_eod,likelihood,weight
A constant penalty,0.279291094969061,0.9531737953244463,0.1506796956323448
B penalty growing with distance,0.3679996410839266,0.004817421398412741,0.0007615479921985215
C merit without distance,0.2519209100591169,0.8339471283146023,0.13183209618676078
"D merit from R, first generation, program",0.2313298511488756,0.43571501021495473,0.06887873485788173
"K constant penalty, log income",0.2747190463421175,0.9877043291773002,0.1561383542279678
E R score only,0.2364788538366166,0.5356578947016326,0.08467791386274016
F noisy Bernoulli,0.23454893022571865,0.4974748912971277,0.07864186528530187
G base rate 30%,0.11210725382679165,9.660345140812656e-07,1.5271274479651227e-07
H base rate 50%,0.3158019488021161,0.3117808536728263,0.04928696567809349
"I committee, deserving remote refusals flipped",0.220396978440214,0.25489028478770037,0.040293586248223774
J centre-only GBM,0.3016872216512504,0.5724543806988773,0.09049477888525939
L need: R minus log income,0.2592852816474863,0.9382107633966954,0.1483143084304829
