method,weighted,mean,worst,best
production forest (baseline),13.152442402697833,14.064285352189302,11.182881775732499,23.957257955776832
forest without region,14.015858357418647,14.935332133139376,11.313856212601584,25.354417892436576
forest without region and postal code,14.371084904137367,15.348008498394876,11.405896191652458,25.994997720993638
ThresholdOptimizer (TPR parity vs committee),13.877423145454388,14.257938123503626,9.0961005484869,22.318860732503047
merit R + hours (penalty and wealth terms removed),30.02150625684395,29.485248610348233,24.760353586683603,31.632529811004368
penalty removal alpha=0.0,13.192510624056261,14.3946667121755,10.876400068738004,27.99433325651978
penalty removal alpha=0.25,17.057242449399748,17.719189174012556,12.076979548690801,29.734542891356625
penalty removal alpha=0.5,21.968431985988758,21.9828696948901,14.381245445953619,31.002022427747068
penalty removal alpha=0.75,26.397172518103382,26.066893997425193,18.40445532261209,31.655286307210552
penalty removal alpha=0.9,28.89002222388289,28.3271488026593,21.079998595431938,32.474302961059635
penalty removal alpha=1.0,30.377789756471383,29.553026587951454,22.976651438902753,33.219337259259724
penalty removal alpha=1.1,31.225091321369412,30.267993117993697,24.63831142660474,33.905019899093965
penalty removal alpha=1.25,31.25047447080111,30.218202688465308,25.03851187999749,33.83944298561711
penalty removal alpha=1.5,28.46735277836887,27.912434517778063,20.861655767963153,31.4433285281411
group threshold offset=-1.0,21.62713568837233,21.691442765889942,14.210494445424661,31.002022427747068
group threshold offset=-0.5,26.344197321929574,26.017814558460703,18.35604465559514,31.58187221003729
group threshold offset=-0.25,28.566488325250813,28.04502913319624,20.687185091620105,32.83510080914533
group threshold offset=+0.0,30.377789756471383,29.553026587951454,22.976651438902753,33.219337259259724
group threshold offset=+0.1,30.91605204164681,30.002381928350704,23.997570413383222,33.73739433454934
group threshold offset=+0.2,31.309046000265905,30.33404771594195,24.784152207716186,34.033557970595254
group threshold offset=+0.3,31.54230039174056,30.49709653036197,25.669035669616125,34.46685485409804
group threshold offset=+0.4,31.398978240911926,30.345593808414566,25.682594528973006,34.060551152481146
group threshold offset=+0.5,31.140303203597412,30.12372184139417,24.624937522731138,33.889511889225936
group threshold offset=+0.75,30.12200431527436,29.267908466051683,22.729229032966362,33.085686563994265
group threshold offset=+1.0,28.316131684066285,27.79472088875615,20.694304287869535,31.302282996487623
ExponentiatedGradient eps=0.0,18.901358367229907,19.15564119739788,12.02254331874531,27.936491496719896
ExponentiatedGradient eps=0.01,17.935620240696323,18.33619243782328,12.036172117189045,27.525129932857045
ExponentiatedGradient eps=0.02,17.985766019677175,18.37727424514202,12.036172117189045,27.619846530812964
ExponentiatedGradient eps=0.05,18.17475342721115,18.597085186437024,12.367374603442673,27.619846530812964
ExponentiatedGradient eps=0.1,18.17475342721115,18.597085186437024,12.367374603442673,27.619846530812964
ExponentiatedGradient eps=0.2,18.17475342721115,18.597085186437024,12.367374603442673,27.619846530812964
ExponentiatedGradient eps=1.0,17.636729740396333,18.037231272273115,11.835948315648904,26.944020918046117
